Header 1	Header 2
Header 3	Header 4
Data A1	Data B1
Data A2	Data B2
Data A3	Data B3
Data A4	Data B4
Data A5	Data B5
Data A6	Data B6
Data A7	Data B7
Data A8	Data B8
Data A9	Data B9
Data A10	Data B10
Data A11	Data B11
Data A12	Data B12
Data A13	Data B13
Data A14	Data B14
Data A15	Data B15
Data A16	Data B16
Data A17	Data B17
Data A18	Data B18
Data A19	Data B19
Data A20	Data B20
Data A21	Data B21
Data A22	Data B22
Data A23	Data B23
Data A24	Data B24
Data A25	Data B25
Data A26	Data B26
Data A27	Data B27
Data A28	Data B28
Data A29	Data B29
Data A30	Data B30
Data A31	Data B31
Data A32	Data B32
Data A33	Data B33
Data A34	Data B34
Data A35	Data B35
Data A36	Data B36
Data A37	Data B37
Data A38	Data B38
Data A39	Data B39
Data A40	Data B40
Data A41	Data B41
Data A42	Data B42
Data A43	Data B43
Data A44	Data B44
Data A45	Data B45
Data A46	Data B46
Data A47	Data B47
Data A48	Data B48
Data A49	Data B49
Data A50	Data B50
Data A51	Data B51
Data A52	Data B52
Data A53	Data B53
Data A54	Data B54
Data A55	Data B55
Data A56	Data B56
Data A57	Data B57
Data A58	Data B58
Data A59	Data B59
Data A60	Data B60
Data A61	Data B61
Data A62	Data B62
Data A63	Data B63
Data A64	Data B64
Data A65	Data B65
Data A66	Data B66
Data A67	Data B67
Data A68	Data B68
Data A69	Data B69
Data A70	Data B70
Data A71	Data B71
Data A72	Data B72
Data A73	Data B73
Data A74	Data B74
Data A75	Data B75
Data A76	Data B76
Data A77	Data B77
Data A78	Data B78
Data A79	Data B79
Data A80	Data B80
Data A81	Data B81
Data A82	Data B82
Data A83	Data B83
Data A84	Data B84
Data A85	Data B85
Data A86	Data B86
Data A87	Data B87
Data A88	Data B88
Data A89	Data B89
Data A90	Data B90
Data A91	Data B91
Data A92	Data B92
Data A93	Data B93
Data A94	Data B94
Data A95	Data B95
Data A96	Data B96
Data A97	Data B97
Data A98	Data B98